jlda0	jlda1	jlda2	jlda3	jlda4	jlda5	jlda6	jlda7	jlda8	jlda9	jlda10	jlda11	jlda12	jlda13	jlda14	jlda15	jlda16	jlda17	jlda18	jlda19	jlda20	jlda21	jlda22	jlda23	jlda24
0.0	0.0	0.0181818181818	0.0	0.0181818181818	0.0181818181818	0.0	0.0181818181818	0.0363636363636	0.0181818181818	0.0	0.0	0.0181818181818	0.0	0.0	0.0	0.0181818181818	0.0	0.0	0.0	0.0	0.0181818181818	0.0	0.0	0.0
0.00132275132275	0.0198412698413	0.00132275132275	0.00132275132275	0.0198412698413	0.00132275132275	0.00132275132275	0.00132275132275	0.00132275132275	0.0165343915344	0.00132275132275	0.0165343915344	0.0165343915344	0.00132275132275	0.00132275132275	0.00198412698413	0.0165343915344	0.0165343915344	0.00132275132275	0.00132275132275	0.00132275132275	0.00132275132275	0.00132275132275	0.00132275132275	0.0198412698413
0.00137221269297	0.0202401372213	0.00137221269297	0.00205831903945	0.0168096054889	0.0202401372213	0.00137221269297	0.00137221269297	0.00137221269297	0.00137221269297	0.0168096054889	0.00137221269297	0.00137221269297	0.00137221269297	0.00137221269297	0.00137221269297	0.00137221269297	0.00137221269297	0.0168096054889	0.00137221269297	0.00137221269297	0.00137221269297	0.00137221269297	0.0168096054889	0.00137221269297
0.0162679425837	0.00127591706539	0.00127591706539	0.00127591706539	0.00191387559809	0.00127591706539	0.00127591706539	0.00127591706539	0.00127591706539	0.00127591706539	0.0194577352472	0.00127591706539	0.00127591706539	0.00127591706539	0.0162679425837	0.00127591706539	0.00127591706539	0.0162679425837	0.0162679425837	0.00127591706539	0.0162679425837	0.0194577352472	0.0162679425837	0.037639553429	0.00127591706539
0.00264812975836	0.0148957298908	0.00264812975836	0.00264812975836	0.0148957298908	0.00264812975836	0.00264812975836	0.0148957298908	0.00264812975836	0.0324395895399	0.00264812975836	0.00264812975836	0.00264812975836	0.0215160542867	0.0148957298908	0.00264812975836	0.0215160542867	0.00264812975836	0.00264812975836	0.00264812975836	0.00264812975836	0.00264812975836	0.00264812975836	0.0148957298908	0.0215160542867
