jlda0	jlda1	jlda2	jlda3	jlda4	jlda5	jlda6	jlda7	jlda8	jlda9	jlda10	jlda11	jlda12	jlda13	jlda14	jlda15	jlda16	jlda17	jlda18	jlda19	jlda20	jlda21	jlda22	jlda23	jlda24
0.00202156334232	0.0208894878706	0.00202156334232	0.00202156334232	0.00202156334232	0.00202156334232	0.0515498652291	0.00202156334232	0.0158355795148	0.00202156334232	0.00202156334232	0.00202156334232	0.0158355795148	0.0208894878706	0.00202156334232	0.00202156334232	0.00202156334232	0.00202156334232	0.00202156334232	0.00202156334232	0.00202156334232	0.00202156334232	0.0208894878706	0.0158355795148	0.00202156334232
0.0010101010101	0.000673400673401	0.000673400673401	0.000673400673401	0.000673400673401	0.000673400673401	0.000673400673401	0.000673400673401	0.000673400673401	0.000673400673401	0.000673400673401	0.0175084175084	0.000673400673401	0.0191919191919	0.000673400673401	0.0175084175084	0.000673400673401	0.000673400673401	0.000673400673401	0.000673400673401	0.0191919191919	0.000673400673401	0.0171717171717	0.000673400673401	0.000673400673401
0.0165343915344	0.00198412698413	0.00132275132275	0.0165343915344	0.00132275132275	0.00132275132275	0.00132275132275	0.00132275132275	0.0198412698413	0.00198412698413	0.00132275132275	0.00132275132275	0.00132275132275	0.00132275132275	0.0165343915344	0.00132275132275	0.0198412698413	0.00132275132275	0.00132275132275	0.00132275132275	0.00132275132275	0.0165343915344	0.00132275132275	0.00132275132275	0.00132275132275
0.0181818181818	0.0	0.0	0.0	0.0181818181818	0.0	0.0181818181818	0.0	0.0181818181818	0.0	0.0	0.0	0.0181818181818	0.0	0.0	0.0	0.0	0.0181818181818	0.0	0.0	0.0	0.0	0.0	0.0181818181818	0.0181818181818
0.0165343915344	0.00198412698413	0.00132275132275	0.00132275132275	0.00132275132275	0.00132275132275	0.00132275132275	0.0198412698413	0.00132275132275	0.0165343915344	0.0165343915344	0.00132275132275	0.00132275132275	0.00198412698413	0.00132275132275	0.00132275132275	0.00132275132275	0.00132275132275	0.00132275132275	0.00132275132275	0.00132275132275	0.0165343915344	0.00132275132275	0.0198412698413	0.00132275132275
