jlda0	jlda1	jlda2	jlda3	jlda4	jlda5	jlda6	jlda7	jlda8	jlda9	jlda10	jlda11	jlda12	jlda13	jlda14	jlda15	jlda16	jlda17	jlda18	jlda19	jlda20	jlda21	jlda22	jlda23	jlda24
0.028801843318	0.028801843318	0.00345622119816	0.00345622119816	0.00345622119816	0.0391705069124	0.00345622119816	0.00345622119816	0.00345622119816	0.00345622119816	0.028801843318	0.00345622119816	0.00345622119816	0.00345622119816	0.00345622119816	0.00345622119816	0.028801843318	0.00345622119816	0.00345622119816	0.0391705069124	0.0391705069124	0.00345622119816	0.028801843318	0.00345622119816	0.028801843318
0.00114942528736	0.00114942528736	0.00114942528736	0.00114942528736	0.0367816091954	0.00114942528736	0.00114942528736	0.00114942528736	0.00114942528736	0.00114942528736	0.00114942528736	0.00114942528736	0.00114942528736	0.0655172413793	0.00114942528736	0.00114942528736	0.00114942528736	0.00114942528736	0.00114942528736	0.00114942528736	0.035632183908	0.00229885057471	0.032183908046	0.00114942528736	0.00114942528736
0.0300333704116	0.00222469410456	0.00222469410456	0.0367074527253	0.00222469410456	0.00222469410456	0.00222469410456	0.00222469410456	0.00222469410456	0.00222469410456	0.00222469410456	0.00222469410456	0.00222469410456	0.00222469410456	0.0622914349277	0.00222469410456	0.0367074527253	0.00222469410456	0.00222469410456	0.0622914349277	0.00222469410456	0.0367074527253	0.0367074527253	0.0300333704116	0.00222469410456
0.0333333333333	0.0	0.0	0.0	0.0	0.0333333333333	0.0333333333333	0.0	0.0	0.0	0.0	0.0	0.0666666666667	0.0333333333333	0.0	0.0	0.0	0.0	0.0	0.0333333333333	0.0	0.0	0.0	0.0	0.0333333333333
0.0300333704116	0.00222469410456	0.0300333704116	0.00222469410456	0.00222469410456	0.00222469410456	0.0622914349277	0.0300333704116	0.00222469410456	0.00222469410456	0.00222469410456	0.00222469410456	0.00222469410456	0.00222469410456	0.00222469410456	0.00222469410456	0.00222469410456	0.00222469410456	0.0367074527253	0.00444938820912	0.00222469410456	0.0367074527253	0.00222469410456	0.00222469410456	0.0367074527253
