jlda0	jlda1	jlda2	jlda3	jlda4	jlda5	jlda6	jlda7	jlda8	jlda9	jlda10	jlda11	jlda12	jlda13	jlda14	jlda15	jlda16	jlda17	jlda18	jlda19	jlda20	jlda21	jlda22	jlda23	jlda24
0.0	0.0	0.0333333333333	0.0333333333333	0.0	0.0	0.0	0.0	0.0333333333333	0.0	0.0333333333333	0.0	0.0	0.0	0.0	0.0	0.0	0.0	0.0333333333333	0.0	0.0	0.0333333333333	0.0	0.0	0.0
0.0367074527253	0.00222469410456	0.00222469410456	0.0300333704116	0.0300333704116	0.0300333704116	0.00222469410456	0.00222469410456	0.00222469410456	0.0367074527253	0.00222469410456	0.00222469410456	0.00222469410456	0.00222469410456	0.0300333704116	0.0300333704116	0.0300333704116	0.00222469410456	0.0367074527253	0.00222469410456	0.00222469410456	0.00222469410456	0.00222469410456	0.0367074527253	0.00222469410456
0.0404761904762	0.0380952380952	0.00238095238095	0.00238095238095	0.00238095238095	0.00238095238095	0.00238095238095	0.0642857142857	0.00238095238095	0.00238095238095	0.00238095238095	0.0309523809524	0.00238095238095	0.00238095238095	0.00238095238095	0.00238095238095	0.00238095238095	0.0309523809524	0.00238095238095	0.00238095238095	0.00238095238095	0.00238095238095	0.00238095238095	0.00238095238095	0.00238095238095
0.00208333333333	0.00208333333333	0.00208333333333	0.00416666666667	0.0291666666667	0.00208333333333	0.0291666666667	0.0354166666667	0.00208333333333	0.00208333333333	0.00208333333333	0.0354166666667	0.00208333333333	0.00208333333333	0.0291666666667	0.00416666666667	0.0604166666667	0.0354166666667	0.00208333333333	0.00208333333333	0.00208333333333	0.00208333333333	0.00208333333333	0.00208333333333	0.00208333333333
0.00446428571429	0.00446428571429	0.00446428571429	0.0892857142857	0.00446428571429	0.00892857142857	0.00446428571429	0.0401785714286	0.00446428571429	0.00446428571429	0.00446428571429	0.00446428571429	0.0267857142857	0.0267857142857	0.00446428571429	0.0401785714286	0.00446428571429	0.00446428571429	0.0267857142857	0.00446428571429	0.00446428571429	0.00446428571429	0.00446428571429	0.00446428571429	0.00446428571429
