gensim-notfidf0	gensim-notfidf1	gensim-notfidf2	gensim-notfidf3	gensim-notfidf4	gensim-notfidf5	gensim-notfidf6	gensim-notfidf7	gensim-notfidf8	gensim-notfidf9	gensim-notfidf10	gensim-notfidf11	gensim-notfidf12	gensim-notfidf13	gensim-notfidf14	gensim-notfidf15	gensim-notfidf16	gensim-notfidf17	gensim-notfidf18	gensim-notfidf19	gensim-notfidf20	gensim-notfidf21	gensim-notfidf22	gensim-notfidf23	gensim-notfidf24
0	0.807999999998	0	0	0	0	0	0.807999999996	0	0	0	0	0	0	0	0	0	0	0	0	0	0	0	0	0
0	0	0	0	0	0	0	0	0	0	0	0	0	0	0	0	0	0.829999999999	0	0.759999999999	0	0	0	0	0
0.0133333333333	0.0133333333333	0.0133333333333	0.0133333333333	0.0133333333333	0.0133333333333	0.0133333333333	0.0133333333333	0.0133333333333	0.0133333333333	0.0133333333333	0.0133333333333	0.0133333333333	0.68	0.0133333333333	0.0133333333333	0.0133333333333	0.0133333333333	0.0133333333333	0.0133333333333	0.0133333333333	0.0133333333333	0.0133333333333	0.794666666667	0.0133333333333
0	0	0	0	0	0	0	0	0	0	0	0.862857142857	0	0	0	0	0	0	0	0	0	0	0.808	0	0
0.0133333333333	0.0133333333333	0.0133333333333	0.0133333333333	0.0133333333333	0.0133333333333	0.849523809521	0.0133333333333	0.0133333333333	0.0133333333333	0.0133333333333	0.0133333333333	0.0133333333333	0.679999999999	0.0133333333333	0.0133333333333	0.0133333333333	0.0133333333333	0.0133333333333	0.0133333333333	0.0133333333333	0.0133333333333	0.0133333333333	0.0133333333333	0.0133333333333
